Model,Mean Squared Error,Mean Pinball Loss,Pinball Loss At Alpha,Mean Absolute Error,R2 Square,D2 Pinball,Under Allocations,Over Allocations,Correct Allocations,Miss Rate
Q025_pb0_e,0.24993360437727133,0.17480118722742713,0.021648491426489676,0.34960237445485426,0.8911210625194014,0.714155702390653,74,2,291,0.20708446866485014
Q075_pb0_e,0.06946272834958118,0.10316860650364901,0.12649601146041375,0.20633721300729801,0.9697398512054843,0.8312931489246572,10,18,339,0.07629427792915532
