Model,Mean Squared Error,Mean Pinball Loss,Pinball Loss At Alpha,Mean Absolute Error,R2 Square,D2 Pinball,Under Allocations,Over Allocations,Correct Allocations,Miss Rate
Q025_pb0_e,7.57556935811865,1.358184718017105,0.0,2.71636943603421,-3.636953344246054,-1.6924854588153986,1314,0,23,0.9827973074046372
Q075_pb0_e,5.377512799080067,1.1077595648582454,0.00012984843720181317,2.215519129716491,-2.2915382037519634,-1.1960389339375088,1122,0,215,0.8391922213911742
