Model,Accuracy,Precision,Recall,FScore,Under Allocations,Over Allocations,Correct Allocations,Miss Rate
clf_def,0.09947643979057591,0.16645802800846768,0.046919078866674846,0.07058596291476903,1204,0,133,0.900523560209424
clf_opt,0.11219147344801796,0.17242042931162102,0.05625229976695695,0.07776404610559383,1187,0,150,0.8878085265519821
