Model,Mean Squared Error,Mean Pinball Loss,Pinball Loss At Alpha,Mean Absolute Error,R2 Square,D2 Pinball,Under Allocations,Over Allocations,Correct Allocations,Miss Rate
Q025_pb0_e,1.714363578007971,0.546300379725012,0.0016588037250658476,1.092600759450024,-0.04935002908769959,-0.08299394702540064,509,0,828,0.3807030665669409
Q075_pb0_e,0.07174179250391093,0.1043050010556512,0.10501237205730275,0.2086100021113024,0.9560873475052136,0.7932242242910226,62,60,1215,0.0912490650710546
