Model,Accuracy,Precision,Recall,FScore,Under Allocations,Over Allocations,Correct Allocations,Miss Rate
clf_def,0.9267015706806283,0.9177459041808261,0.9450671231926552,0.9306234850760854,56,42,1239,0.07329842931937172
clf_opt,0.9274495138369484,0.9263273261177433,0.9442153576530448,0.9349726511810186,50,47,1240,0.07255048616305161
